trade_date,us_overnight,cn_gap,cn_intraday,cn_full,cn_breadth
2024-01-22,0.02831876003621623,0.035040486434485096,-0.03637816346714261,-0.00266650261170015,0.5
2024-01-23,0.03824209186136931,-0.006798693439123637,0.07092703700799977,0.06349738195444535,1.0
2024-01-24,0.004369083983275945,0.0003673691239311827,0.006945860288740469,0.007480698237434779,0.3
2024-01-25,0.004952839979023416,-0.011896538167250115,0.03652224227905565,0.024137246725148144,0.9
2024-01-26,-0.004279178902554049,-0.01905675838306988,-0.01586649860467937,-0.034697509188893694,0.0
2024-01-29,-0.01875616552709817,-0.014913987774338212,-0.09510340352706724,-0.10871882048951358,0.0
2024-01-30,0.02980295801723216,-0.014743086847170284,-0.03284076327524179,-0.047076217280410594,0.1
2024-01-31,0.011664923193447663,-0.014176171824363459,-0.011480544382359303,-0.02548697393019248,0.2
2024-02-01,-0.022429423484064535,-0.009479879153894167,0.07542492863579105,0.06520695790763872,1.0
2024-02-02,0.02376972564415435,-0.00401613838720013,-0.02588794969979563,-0.029731068822701767,0.3
2024-02-05,0.034214136313187794,-0.012621233930148124,-0.029141094573965,-0.041333986966145854,0.4
2024-02-06,0.004058149462346417,-0.02470376116184857,0.13228316871070206,0.10437683456031369,1.0
2024-02-07,-0.005865618197338695,-0.004141158618130114,0.002233992415959751,-0.001950201666332263,0.5
2024-02-08,0.01666766253834213,0.022067828001130697,0.01860973739203836,0.04123823923567035,0.9
2024-02-19,-0.009082666112007398,0.05547747567524277,0.09515701660313462,0.15610477384473848,1.0
2024-02-20,-0.009082666112007398,-0.014586148406030387,0.018631684317092046,0.0035076750997700247,0.5
2024-02-21,-0.0306711052110192,-0.03361877310522423,0.004498311141350064,-0.029240625362926053,0.1
2024-02-22,-0.0042135660597701794,0.043255751510519545,-0.016958587359243216,0.025477136498715035,1.0
2024-02-23,0.06030176456044438,0.020926394031573415,-0.012982301434730236,0.007559117992696962,0.7
2024-02-26,-0.03922150838382268,-0.02552867033343579,0.03348644253362254,0.007046855450452106,0.6
2024-02-27,0.006322935902590454,-0.012235389505402006,0.07549678062282905,0.06234437522617189,1.0
2024-02-28,0.011236889223199598,-0.012294240493907904,-0.06979473936066873,-0.08124682851972145,0.0
2024-02-29,-0.02011018402336675,0.003096484893501761,0.05469358363753418,0.05786982058508683,1.0
2024-03-01,0.030027510508236842,0.005505623355484368,0.059691170989523853,0.06561047843767234,1.0
2024-03-04,0.03228462111215043,0.020013764773411036,0.01999831712117899,0.04032125278291658,1.0
2024-03-05,0.003502751787725933,-0.01681499457453097,0.012108638444654518,-0.004867305707612868,0.3
2024-03-06,-0.012162043685192681,-0.009539091129440125,0.01628688479929987,0.006575307838620081,0.3
2024-03-07,0.017557613754241086,-0.0028319075450136343,-0.03418581189127331,-0.036953687814780575,0.1
2024-03-08,0.010524680671907904,0.03254543455444096,0.02570256917705509,0.05871693385673917,1.0
2024-03-11,-0.03693004872127159,-0.040921534222210454,0.050685487168144874,0.007892102474079033,0.5
2024-03-12,-0.031104875435100533,-0.007681129926428276,-0.015782772656414378,-0.023351289450955125,0.1
2024-03-13,0.010618974803576531,0.029776188203901755,-0.041331197437607214,-0.012829839867615845,0.2
2024-03-14,-0.015319904509605076,-0.02613156193205186,0.03864969109837939,0.0114965266572285,0.7
2024-03-15,-0.02332127844829529,-0.010033843533028474,0.06055779668041805,0.04987949828307984,0.9
2024-03-18,-0.008756127885257503,-0.0006940051734141362,0.020479308898480552,0.019687929660327574,1.0
2024-03-19,0.014575013006247728,-0.022970140474793854,0.031879684539348044,0.008152174003138956,0.5
2024-03-20,-0.00812360563036001,-0.00909746016093409,-0.0006811450978230771,-0.009818055053713071,0.2
2024-03-21,0.017600796350786797,-0.006108056095994763,-0.003712218234562914,-0.00986052808882799,0.3
2024-03-22,0.05971360453737802,-0.007672951250611748,0.009758956829498788,0.0019521800524261224,0.4
2024-03-25,0.0009335930707708217,-0.009738250856908359,-0.029454096312027132,-0.0388604305767558,0.0
2024-03-26,-0.007720720025857409,-0.008835522150523755,-0.04637623856406738,-0.05479748374261896,0.0
2024-03-27,-0.021034136102070868,0.0038309292281746288,-0.05441709806216168,-0.050655437989427045,0.1
2024-03-28,0.0032347913152333653,0.0036277785115188975,0.022037694236217542,0.02565752926801603,1.0
2024-03-29,-0.0054981633024120515,-0.009483538196419361,0.016497698522014947,0.006912244325133754,0.3
2024-04-01,-0.0054981633024120515,0.01113474943882301,0.03509403223731067,0.04661598531253595,1.0
2024-04-02,0.006204835786896368,-0.010302754994079288,-0.020709512458112422,-0.03085735547934685,0.1
2024-04-03,-0.010897356561544525,-0.01270456666670613,-0.031745057290880785,-0.044077488397521805,0.0
2024-04-08,-0.0040622001035866325,-0.008733814430789532,0.018952379822966926,0.009999321576074093,0.6
2024-04-09,-0.0021244212969924623,-0.0029306881059337096,-0.016649710774717608,-0.019570187132197346,0.1
2024-04-10,-0.001228127359965725,-0.006413125530989971,-0.027250309527242545,-0.033502977681436716,0.0
2024-04-11,-0.027250265377643024,0.0021292498222391988,0.004605218976907066,0.006751573470254069,0.5
2024-04-12,0.024317734932720193,0.01577641302766688,0.026678942820165807,0.04296206516824963,1.0
2024-04-15,-0.04393528964455999,-0.008599417771153894,-0.0025229517078931172,-0.011082373704588621,0.4
2024-04-16,-0.03525434907949708,-0.014480370620734383,-0.03086718797144148,-0.044926111814886927,0.1
2024-04-17,0.025852094030842866,0.015807488564998983,0.06889984757554343,0.08588011965465583,1.0
2024-04-18,-0.029290597797241358,-0.01756885722001562,0.015158238182554972,-0.002691858061545227,0.3
2024-04-19,-0.016334222678464017,-0.0065432998141359945,-0.020417562399820087,-0.026823353315474065,0.0
2024-04-22,-0.027206017609559353,-0.06428692560481745,0.029067410162519947,-0.03744917992132814,0.0
2024-04-23,0.02494130119693542,0.017400527663098585,-0.0025045754454676938,0.014914155448479072,0.7
2024-04-24,0.044677025290656,0.0046350514443851635,0.048824390708360976,0.05392532730513024,0.9
2024-04-25,0.04238995559456785,-0.015760324500831268,0.004207896478574347,-0.011587979243645819,0.1
2024-04-26,0.004675626770046915,0.02315964872209747,0.04343767192951566,0.06732149447923157,1.0
2024-04-29,0.052717514544257806,0.006768898418314106,0.0007081858707325472,0.007522154949676352,0.6
2024-04-30,0.01119602132773535,-0.002328789238688611,-0.008417829140351451,-0.01073641227652269,0.1
2024-05-06,0.012946007590527308,0.017245850687861476,-0.030135831819019555,-0.013408081022907536,0.1
2024-05-07,0.02803700915303986,0.010142628934952724,-0.03594203758089061,-0.026219838158061625,0.1
2024-05-08,-0.0095310867996253,-0.00652977466698752,-0.012033974857108564,-0.018490520159842448,0.2
2024-05-09,0.0001472619217083193,-0.0031276048268716883,0.006700694222642423,0.003546528210650335,0.5
2024-05-10,0.006599994581350554,-0.004239352542633601,-0.020266516486775875,-0.02451318997646368,0.0
2024-05-13,0.014286732353381737,-0.0019425389359014945,-0.006988971207289907,-0.008975409739973739,0.3
2024-05-14,-0.003113554019110154,0.0048529303655841845,-0.017414656302240407,-0.012620736891770967,0.4
2024-05-15,0.037476344177040974,-0.0016813521267205144,0.0026981309769832152,0.0010142825238540708,0.7
2024-05-16,0.027811612057396417,0.021284991879436443,0.0006304238353143865,0.02186878251611777,1.0
2024-05-17,-0.0011687547554635747,-0.012423172991531728,0.02651016575470133,0.013598884008514233,0.9
2024-05-20,-0.00811367669436439,-0.010084203694334293,0.04347852648676927,0.03286934534112418,1.0
2024-05-21,0.018657889842021103,-0.0027547825626201617,-0.01008230186549951,-0.012815595579293826,0.1
2024-05-22,-0.008887211674641737,-0.005252342333823756,-0.0019647148402151316,-0.0072412080070187405,0.2
2024-05-23,-0.005347085475634705,0.013232178577200127,-0.02916201491070821,-0.016332264549235753,0.2
2024-05-24,0.00425739400233538,-0.0011340293415546877,-0.020959457920382583,-0.021962537045078,0.1
2024-05-27,0.009631904283695147,0.0009639752631841247,-0.003523757437445796,-0.002356876138963182,0.6
2024-05-28,0.009631904283695147,-0.01000538183167814,-0.01529731260852577,-0.025129018348997577,0.0
2024-05-29,0.01406968467231362,0.010766835319950197,-0.016750514597252388,-0.006225920419553754,0.2
2024-05-30,-0.013899680693581962,-0.007032637396137187,-0.0032522418945235888,-0.01026172897654023,0.2
2024-05-31,0.01792526103880724,-0.006197985213961111,0.014612109922495032,0.008361140746439167,0.5
2024-06-03,-0.03207622241736004,0.008078869878448391,0.023280455486642326,0.031623873905206504,0.9
2024-06-04,0.02354634921290425,-0.005184964755955979,0.0004108074485849267,-0.004735054178058429,0.3
2024-06-05,-0.019068023601020133,-0.0036817892472705395,-0.01905485154260822,-0.022678560962153028,0.0
2024-06-06,0.04095543936402581,0.016056355807348367,-0.017262865287882245,-0.0013952397363111823,0.6
2024-06-07,-0.0113652248129826,0.002260172918762804,-0.030586826200719806,-0.028418129330872576,0.1
2024-06-11,0.017332731596103546,-0.005379864346465068,0.019304664140581317,0.013798271369562732,0.9
2024-06-12,-0.001259796593683493,-0.00030070898704189777,0.008123281479100264,0.007766156492155796,0.9
2024-06-13,0.026544641844806705,0.0066989035954085115,0.008845807126646121,0.015676300579297153,0.8
2024-06-14,0.02418496487912767,0.0023214508779883735,0.0672749158650795,0.06980880099499465,1.0
2024-06-17,-0.0012863339722219646,0.007433056319225728,0.0007622836404998279,0.008150435627081499,0.4
2024-06-18,0.019816793142794765,-0.00041067836918862177,0.025920864311751512,0.025491634776523164,1.0
2024-06-19,0.019137070013849643,0.007245666746082647,-0.02035167466081008,-0.013216160374830732,0.1
2024-06-20,0.019137070013849643,-0.0007054418935884654,-0.011908576930001847,-0.01274203992926003,0.2
2024-06-21,-0.02864055310279342,-0.017096048916070406,0.02347767862399297,0.0059929905696570526,0.4
2024-06-24,-0.013988789416078362,-0.010659446311506416,-0.028358068193662177,-0.0387317903321042,0.1
2024-06-25,-0.034962446052849885,-0.015310936210743864,-0.017306421065696066,-0.03234656491352737,0.1
2024-06-26,0.020210889030551994,0.015936262032565596,0.016410189860901703,0.032567808856827266,1.0
2024-06-27,-0.002179071998528792,-0.007656308597065853,-0.02351706348848289,-0.031041599922618658,0.0
2024-06-28,0.011216787378057137,-0.003330255317756425,0.01817464391637631,0.014779186281937973,0.9
2024-07-01,0.024378359248673966,-7.881705829800855e-05,0.02800657669342286,0.027874736925239584,1.0
2024-07-02,0.03580528015888022,-0.0031831896806288063,-0.01188287545165947,-0.015028359297844985,0.2
2024-07-03,0.0066098793592087035,-0.007291597250870386,-0.014051071590378616,-0.02124070663565033,0.1
2024-07-04,0.021382050672565066,0.009902888993965853,-0.023404149729263322,-0.013700909345765455,0.1
2024-07-05,0.021382050672565066,0.0018649868282000549,0.0030834334246021998,0.004944917630989143,0.7
2024-07-08,0.011897614766423703,0.002198321935397285,-0.00946942949088524,-0.0073218245593506094,0.4
2024-07-09,0.017887941883581226,-0.003172009121216657,0.06030856743124553,0.05696106702989332,1.0
2024-07-10,-0.011657754932405052,-0.004220949453278389,0.010378914229850633,0.0061545326353924625,0.5
2024-07-11,0.018176175395089266,0.015957576615046598,-0.015598935973214578,6.951922840523484e-05,0.5
2024-07-12,-0.014077933449704849,-0.019408997931000482,-0.007268103788582603,-0.026606599008811217,0.0
2024-07-15,0.01734055389579774,-0.004278447609547054,-0.009404479723018565,-0.013710236965479216,0.0
2024-07-16,0.022353782430012813,0.00378262753079327,0.008777138475031199,0.01240545030196576,0.9
2024-07-17,0.04195660055705941,-0.006885377322762376,-0.023652132579939977,-0.030362898850352215,0.0
2024-07-18,-0.06851531340348602,-0.017425869116384364,0.011109368995682711,-0.006479793850858251,0.2
2024-07-19,-0.02717514170028028,-0.006712025891805151,-0.0005748915127189557,-0.0072491589253118275,0.5
2024-07-22,-0.02166572304987191,-0.0042726801206769745,0.007136133003053135,0.0028024976309410365,0.4
2024-07-23,0.02472016324100159,0.008767112451813986,-0.04383958528408163,-0.035444105074228474,0.0
2024-07-24,0.001828648695976942,-0.008040017701816393,0.005300588701346154,-0.0028316744802339812,0.3
2024-07-25,-0.06398115952888635,-0.015561159790704914,-0.02187915655791047,-0.037012694948810154,0.0
2024-07-26,-0.028984182238177468,0.00041153865760095164,0.018119437936103332,0.018530545454728896,1.0
2024-07-29,0.018709765322980854,0.0027874335506766212,0.014183360149850022,0.017010507765284556,0.9
2024-07-30,-0.01002936997474645,-0.0071698802552704775,0.013936674179749942,0.00676908877868615,0.6
2024-07-31,-0.04393162247721692,0.004835012444341924,0.03180424170176055,0.03653986244312215,1.0
2024-08-01,0.08811200796355231,0.016074259023383476,-0.021195979254068076,-0.0056845396857309275,0.4
2024-08-02,-0.053392830637014464,-0.027597065877014992,-0.027305893228379053,-0.05399230599987818,0.0
2024-08-05,-0.057814173406984026,-0.03020371108314014,-0.03735642203333271,-0.06653282459834677,0.0
2024-08-06,-0.04390139719867264,0.02842201725856843,-0.001173956728593506,0.027185761361525018,1.0
2024-08-07,0.015152628369952903,0.007193846523793268,0.007074434987418809,0.014236510290548055,0.7
2024-08-08,-0.03351098719428184,-0.013368574738757855,0.0006820443441510115,-0.01273486887754095,0.2
2024-08-09,0.09295253809903525,0.01309859001529674,-0.0163629404548446,-0.0033795930074452694,0.4
2024-08-12,-0.008283354163988278,-0.006557261837282469,0.0029577127053424857,-0.0036241350990636077,0.2
2024-08-13,0.0175993177958366,0.006234030294237391,0.004345949412962413,0.010605727863349634,0.9
2024-08-14,0.033746448774955105,0.014807532319465277,-0.022934446420302602,-0.008532233289720869,0.2
2024-08-15,0.007115887525239406,-0.0030107243060582987,0.01203031555398425,0.008964370213808004,0.8
2024-08-16,0.06497461441831498,0.012516711704759187,0.008762230554037697,0.02138660738314635,0.9
2024-08-19,0.0031793609428619417,-0.0038064199554450062,0.010747001525148858,0.006916647252746755,0.6
2024-08-20,0.03173609155800623,0.007779790190121616,-0.02117706846714391,-0.013563709591755613,0.3
2024-08-21,0.02335475920629897,-0.005971431825873586,0.011201337482991203,0.005110864918966307,0.8
2024-08-22,0.02361048604390308,0.00040464483989275377,-0.014403124949465806,-0.013986581676715681,0.2
2024-08-23,-0.024776258541867914,-0.004648522787885134,-0.0008216890731045145,-0.005466253084544947,0.5
2024-08-26,0.036725534816023434,0.003985857436224771,-0.030448874205016664,-0.02669792206819003,0.0
2024-08-27,-0.027460892853518402,-0.006391178469528624,-0.009123206240200622,-0.015480816260425167,0.2
2024-08-28,-0.003418241428908564,-0.0008448116724082855,-0.0018430297253441141,-0.002705334125241432,0.5
2024-08-29,-0.019265809713013414,-0.01981167228403168,0.014785268024586106,-0.005109157899102301,0.7
2024-08-30,0.015686006239436702,-0.0021434892092441647,0.028753088744722044,0.026518523648799495,1.0
2024-09-02,0.03022953232195954,-0.0002345633167995076,-0.044023854420788655,-0.044240464246808255,0.0
2024-09-03,0.03022953232195954,0.0013315527500889046,0.007748409289147484,0.009079744211878737,0.8
2024-09-04,-0.0636137273064927,-0.03137455806510729,0.022861385303369574,-0.009557734971605825,0.2
2024-09-05,0.013203824332331115,-0.0001283686638493098,0.00556826883682664,0.005416679436674543,0.7
2024-09-06,-0.021225895401979222,-0.002604865086546593,-0.022321583273612788,-0.024868028698139377,0.1
2024-09-09,-0.061521086425196915,-0.006291470218026185,0.015318091247524757,0.008840332579457632,0.6
2024-09-10,0.03194534580812173,0.00018803110170441119,0.03929246903195658,0.03944929123498755,1.0
2024-09-11,0.007244673350762199,-0.002939995261958561,-0.0019669751953982793,-0.0049883126805864595,0.2
2024-09-12,0.05567646261870487,0.021078449638030027,-0.024834108765876706,-0.004298017972587431,0.3
2024-09-13,0.028975148738531353,0.0032309590114881883,0.011897193490425274,0.015085993938380027,0.5
2024-09-18,0.006242772140177988,-0.007080927841849138,0.00045322808217944653,-0.006688841908284515,0.1
2024-09-19,-0.005426808922677551,0.0035130407473416337,-0.009535235874841596,-0.006034116114210719,0.6
2024-09-20,0.047870904100568976,0.006694362598961501,-0.014580426813681147,-0.008065357842273713,0.2
2024-09-23,-0.0009997290142054749,-0.004256301266926099,0.016226471833159773,0.01194835154921492,0.7
2024-09-24,0.04399350287218606,0.002363560321908165,0.0595957713523023,0.062118059971947304,1.0
2024-09-25,0.02653760928570197,0.012260630803141482,-0.007885259079811923,0.004170185909482016,0.6
2024-09-26,-0.0033877242549679165,0.0017562680118377249,0.035568608483633704,0.03738234073704962,1.0
2024-09-27,0.01571794819935064,0.00680786224982638,0.04023158868588641,0.047249325447044944,1.0
2024-09-30,-0.02147196068055557,0.03444187013295017,0.10368471150470489,0.14148710006666654,1.0
2024-10-08,-0.004968236517105207,0.1535269461701841,0.00958698220507529,0.16370478552856416,1.0
2024-10-09,0.02157649673438744,-0.036834173980837624,-0.06293546071852085,-0.09755746860567094,0.0
2024-10-10,0.004730101638664774,0.008421676640901033,-0.030802935554969844,-0.0226945083177583,0.0
2024-10-11,0.007413681998178679,-0.011167916985646708,-0.04015801686452549,-0.051089085672017344,0.1
2024-10-14,0.022935939692287622,-0.004094500850786687,0.0442902472110601,0.03996739973007766,1.0
2024-10-15,0.007271883024999304,-0.0022623686858398106,-0.018496561876315487,-0.020699488008592025,0.1
2024-10-16,-0.033021193722540775,-0.029729115284064432,0.002340863893020506,-0.027419386216107965,0.1
2024-10-17,0.0411531639133933,0.01061352416592649,0.0019568675102333176,0.012598157181478331,0.8
2024-10-18,0.006269699742220469,-0.0008563580077198152,0.0880556256376414,0.08711088255070136,1.0
2024-10-21,-0.024091067493385687,0.021872479950045164,0.03454839888922824,0.0575470358132437,0.8
2024-10-22,0.014836593991082747,0.06228953334647096,-0.03157904916378288,0.026942979982783756,0.8
2024-10-23,-0.009234636674722463,-0.03132585271932633,0.0514242155551106,0.01936210702584131,0.5
2024-10-24,-0.017640409635917464,-0.013301722166558106,0.03362214273224904,0.02020316040376937,0.7
2024-10-25,0.0039148542936467854,0.0077795016255117425,0.011584675130921518,0.019053020418168885,0.7
2024-10-28,-0.0023623428149926796,-0.0027672045416293088,0.005791033759191799,0.0028029549018501188,0.6
2024-10-29,-0.0012225007001804289,-0.012465773271794812,-0.015814641611998782,-0.02805984941228039,0.2
2024-10-30,0.012477278153157901,0.002271501295557998,0.020046551330257588,0.022591178495569054,0.6
2024-10-31,-0.00622125813007397,-0.008564818479161584,0.015309074915040532,0.006874830858305536,0.5
2024-11-01,-0.03902212714187438,-0.010633012854193491,-0.021577599471697028,-0.031923814360785584,0.1
2024-11-04,0.025020909700155847,-0.0018201247698853007,0.0341276681472922,0.03219991144567826,1.0
2024-11-05,-0.010190338791886012,-0.0011335156986328587,0.039485894288640064,0.037942394109321584,1.0
2024-11-06,0.02048526700460409,0.008600227513989634,-0.027963156235041198,-0.019693789699414942,0.1
2024-11-07,0.04543986086163922,-0.016838317984386907,0.039137665021071966,0.02151053868077162,0.9
2024-11-08,0.05753409048595839,0.010834220123399685,0.010111974723825079,0.02092750917920233,0.8
2024-11-11,0.06219615381630443,0.0008726464518256649,0.03080043116446497,0.03185714078838471,0.8
2024-11-12,-0.014815923219746497,-0.003035514134385353,-0.013169187401801419,-0.016267229728957843,0.3
2024-11-13,0.001327352107033597,-0.009697629593911582,0.02425233892914841,0.014402376996549338,0.7
2024-11-14,-0.01711476007823389,-0.010789971966982215,-0.03879204051013875,-0.04915729815729005,0.0
2024-11-15,-0.01551678155943782,0.001205061947877495,-0.05920582026878877,-0.05813838214484922,0.0
2024-11-18,-0.043807393131335005,-0.00241894110878067,-0.03690247069031475,-0.039255491223177605,0.0
2024-11-19,0.001529461470362914,0.010195419441763331,0.02297990205637841,0.033390962722559904,1.0
2024-11-20,0.05043727124374122,0.0012392048724426895,0.01724028197695695,0.01850899451331365,1.0
2024-11-21,0.003430866042175962,-0.011976959169926804,-0.006210255492430428,-0.01809467309062901,0.0
2024-11-22,0.03288812682418072,-0.0018254722865190809,-0.04670890560884124,-0.04848490923019192,0.0
2024-11-25,0.006077870349013104,0.0001563279761542913,-0.01892366335030169,-0.018630044439301562,0.2
2024-11-26,-0.005477251394389626,0.0025261546269154888,0.00996393827444304,0.012486659632121389,0.6
2024-11-27,0.023599259163956054,-0.005544723245509586,0.029530230219847166,0.023804684232468776,0.9
2024-11-28,-0.02612697863900717,-0.005700973856344283,-0.020729861924673208,-0.0263276976994568,0.0
2024-11-29,-0.02612697863900717,0.0005109142455919536,0.016139177019713014,0.016662462051178294,0.9
2024-12-02,0.04745621405168794,0.0041808943625871176,0.029938027411166933,0.034223736824642234,1.0
2024-12-03,-0.0009661289489287572,-0.0038596454524905564,-0.0068191611866669,-0.010653720178952997,0.2
2024-12-04,0.066173469157308,-0.002300659045722486,-0.012891633000413637,-0.015178048646338028,0.0
2024-12-05,0.04424763879624135,0.0014563763243704453,0.020096223940596736,0.021531158245390238,0.9
2024-12-06,-0.03698197500310625,-0.0013738039053108552,-0.002148490919615187,-0.0035201346567980797,0.4
2024-12-09,0.03586719909088072,-0.0019494062152798143,-0.027439954506481866,-0.029336063434569105,0.1
2024-12-10,-0.03792736658384479,0.03232571881869295,-0.037004492408380066,-0.005952989369446648,0.4
2024-12-11,-0.029720357676430408,-1.0545330569555756e-05,0.0301978773843506,0.030141510007818506,1.0
2024-12-12,0.026681516807587145,0.004662865513432257,0.013540994036062815,0.018171082173948506,0.9
2024-12-13,-0.01285764998145914,-0.004218661884056163,-0.013685312067080157,-0.017845255228594904,0.2
2024-12-16,0.06289377905946272,0.022127864311702196,0.0001495956280950006,0.023241600469824507,0.7
2024-12-17,0.0196416139541599,-0.0015135469307770988,-0.010595178796865844,-0.012326999472883515,0.3
2024-12-18,-0.05066605303660197,0.006721515825973079,-0.0011757265775604875,0.005574303620579213,0.6
2024-12-19,-0.021425132398841484,-0.008329406622212598,0.06507204425118444,0.056307021150958224,0.9
2024-12-20,-0.0048497580367049984,-0.0056331442946627956,0.028467947296141882,0.022071062297323096,0.9
2024-12-23,0.030815058751528547,-0.0009908910235791434,-0.024687137004479453,-0.02567057136239389,0.1
2024-12-24,0.009937356308764023,0.007973668401570632,-0.00882578865488921,-0.0009190848688085506,0.3
2024-12-25,0.03942283544111611,-0.0027233160276586956,0.015073493404183392,0.012249034547449055,0.7
2024-12-26,0.03942283544111611,0.0003998001369322934,0.08290998959902707,0.08353913655415435,1.0
2024-12-27,0.04058154002541477,-0.002493505151580333,-0.01936286334165912,-0.021700768576339725,0.2
2024-12-30,-0.03312535028685568,0.0053010429488377754,-0.012801097203749102,-0.0072932251883049085,0.5
2024-12-31,-0.022451857253085204,0.0001642412776077795,-0.049409443914355325,-0.049339430008469076,0.0
2025-01-02,-0.011594500215375503,-0.003946309104541889,0.003949774680714613,-2.7434348362165295e-05,0.4
2025-01-03,0.021197960439426244,0.0014585446622143894,-0.04740238028236623,-0.045922467550547644,0.2
2025-01-06,0.0439644884901079,0.008485235840250915,0.0016969449629837708,0.010351599711251536,0.5
2025-01-07,-0.00666834548425449,0.004717014380215811,0.06330746382485412,0.06850277248825906,1.0
2025-01-08,-0.03141688955646327,-0.015089500127554778,0.02188039564103178,0.006504880608884878,0.5
2025-01-09,-0.014414680128523805,-0.00974700724848172,-0.007124530492449366,-0.016825472876402826,0.1
2025-01-10,-0.014414680128523805,-0.0040385781544612035,-0.0513433387108301,-0.05520690424921375,0.0
2025-01-13,-0.026562473637124828,-0.011259476631798871,0.013163517393539858,0.0017569230157566062,0.5
2025-01-14,-0.027147977993815253,0.0071174180996464885,0.04061634190688386,0.04799404520214223,1.0
2025-01-15,0.006820641800625571,-0.003919853877409507,-0.012624246532270645,-0.016443773827142138,0.2
2025-01-16,0.042751930976697564,0.01120180893907623,0.06355151903124445,0.07549337715979121,1.0
2025-01-17,0.00042921150787414983,-0.009425966997943213,0.005324962864089821,-0.0041171853600554306,0.3
2025-01-20,0.03166002509450281,0.010884008258108235,0.009686835282069973,0.020781539127624194,0.8
2025-01-21,0.03166002509450281,0.02350042242913881,0.015768910600454166,0.039332951452172374,0.9
2025-01-22,0.026365057539706895,0.012014258365293407,0.016354802066324215,0.028625265693365386,1.0
2025-01-23,0.040909591489407725,0.008199027819462367,-0.0324962642190846,-0.024567193119748032,0.1
2025-01-24,-0.009915269244970392,-0.0019468786483313849,0.031587069513672086,0.029580463280678582,0.9
2025-01-27,-0.025566284755675694,-0.03848008294624768,-0.04061269378133656,-0.07782668761170096,0.0
2025-02-05,0.010326401423465536,-0.03741617691135176,-0.06562749033539858,-0.09925018442252813,0.1
2025-02-06,0.042080567461906845,0.016197620989426353,0.019791911988564094,0.036133365750874315,1.0
2025-02-07,0.028860884838638533,0.00043868693165955986,0.03657132859210244,0.03708868929900705,0.9
2025-02-10,-0.03279738554242121,0.008889319918235283,0.0030487556551459074,0.012047932623626512,0.8
2025-02-11,0.016943082085114646,0.0016241602376183772,0.008825754406942676,0.010449784637749305,0.7
2025-02-12,-0.0346982340304384,-0.0027658326918895138,0.020764115417679994,0.018047057915480592,0.8
2025-02-13,-0.02166965126455821,-0.002413191738543541,-0.016928794353887867,-0.019240056688722685,0.2
2025-02-14,0.010212628832536208,0.0034692983877134044,-0.015284601036942225,-0.011870156929089336,0.2
2025-02-17,-0.0024120464131557216,0.009915785205200678,0.058025507028144255,0.06835771615598296,1.0
2025-02-18,-0.0024120464131557216,-0.010135341830972288,-0.004147969369683524,-0.014186848486324644,0.2
2025-02-19,0.02133048026335732,-0.006225377933451193,0.02076995098938309,0.01413017876107665,0.7
2025-02-20,-0.008439051661314168,0.0034133618365364106,-0.0019439247921365754,0.0015554423151551088,0.4
2025-02-21,-0.010848296045573524,0.007000239415607901,0.029261910346386633,0.03656259700108224,0.9
2025-02-24,-0.04371579064906515,-0.01600383076872146,-0.00720413550361344,-0.02302113991961341,0.2
2025-02-25,-0.041132104159697105,-0.03155082369121217,0.009959620211556618,-0.02199693126939516,0.1
2025-02-26,-0.047451482958531,0.003635397658269357,0.014687632556400387,0.01829292655061243,0.9
2025-02-27,0.048841727715353375,-0.0021018677425732935,-0.05269534299399968,-0.05452708676287317,0.0
2025-02-28,-0.07409793217985339,-0.03639088152942495,-0.04282446201999544,-0.07751187113933382,0.0
2025-03-03,0.012931510740732944,0.00529233895844774,-0.027308566821033397,-0.022110429755176596,0.2
2025-03-04,-0.08946643158489012,-0.032132746089956976,0.03952175099611501,0.005956826966906814,0.7
2025-03-05,0.01807267710423218,0.002759822503436149,0.02321661906920356,0.025993606533205083,1.0
2025-03-06,0.005814316558323018,0.002308443573483132,0.01143517995226837,0.013764432612156574,0.8
2025-03-07,-0.09100272550352848,-0.012218324854617001,-0.012511783428425271,-0.024576412257971525,0.1
2025-03-10,0.027808966178490224,0.0010097870897373018,0.018132465250976428,0.01919916714404213,1.0
2025-03-11,-0.06959453228106886,-0.022196626238812224,0.007349771229305302,-0.015032978889245452,0.0
2025-03-12,0.049800181630201036,0.01280178519873767,-0.0013871158653430027,0.011349918758381561,0.9
2025-03-13,0.051579724251696726,0.012240893609692771,-0.031966098856598624,-0.020076046407027072,0.1
2025-03-14,-0.02341861105036125,-0.0034837507286433755,0.03491909812326839,0.03128982073618573,1.0
2025-03-17,0.07822480857477526,0.003443372392191291,0.004422694311935438,0.007873165099678303,0.7
2025-03-18,0.006820509890052673,0.00043626197155005597,0.014781949991424782,0.015220461734670232,0.8
2025-03-19,-0.02503165168158239,-0.017593696397990223,-0.02937783622462936,-0.04639940989685541,0.0
2025-03-20,0.023924231562029642,-0.0011673818973914952,-0.006206951197019206,-0.0073719947927460725,0.2
2025-03-21,0.007200201435240594,-0.0042060926758080595,-0.016579613660435068,-0.020719834422563144,0.0
2025-03-24,-0.012677741856970603,-0.0015904863057777164,-0.0009427258632231483,-0.002565236427550399,0.4
2025-03-25,0.05940427600477891,0.007493431428336417,-0.022702212655598453,-0.015381791973829018,0.2
2025-03-26,-0.0121203480857909,-0.0005137664759702565,-0.007023564774309599,-0.007584874886290549,0.3
2025-03-27,-0.06485602230756485,-0.014047969613845367,0.0020441625513238026,-0.012048258037209192,0.4
2025-03-28,-0.04040670262438874,0.0006915701613353753,-0.011370409332641796,-0.010713937254359818,0.1
2025-03-31,-0.03495170931364354,-0.006059151320973666,0.01664241787185412,0.010543179184415875,0.8
2025-04-01,-0.014887183441374463,0.0033792173632570034,-0.00653698610723612,-0.0031775976571641997,0.4
2025-04-02,0.004502495288840835,0.00313729089929331,0.01293718473727482,0.01608916398188618,1.0
2025-04-03,0.033065688789248496,-0.025001944710732315,-0.015859850912232454,-0.04041418922748313,0.1
2025-04-07,-0.08526365289750103,-0.11773638309333609,-0.059237306391381805,-0.1700017810797258,0.0
2025-04-08,0.03709777425624496,-0.002488184803428617,-0.02629835677042138,-0.028813469030828143,0.2
2025-04-09,-0.020140665321065766,-0.027684275334006615,0.042638016445531626,0.013686149914979063,0.9
2025-04-10,0.19774398782786742,0.07301944834919431,-0.01644269371671724,0.054757106351111064,1.0
2025-04-11,-0.09177646318327583,-0.00971935604601738,0.025102161887758757,0.015067448435532116,1.0
2025-04-14,0.006124204198908268,0.0384630775767562,-0.020614269805395845,0.016909417509159287,1.0
2025-04-15,0.006120380416027993,-0.002067554813464234,-0.0063501311096887504,-0.008409984718743347,0.1
2025-04-16,0.0035549618783345728,-0.013542847134950553,-0.010009941405355516,-0.023428964050727374,0.0
2025-04-17,-0.031207066125587612,-0.003882401887660325,0.001889565904174717,-0.0020473890554931983,0.5
2025-04-18,-0.008791094615858076,0.0014866632165800198,0.009335129931677543,0.010818456424327471,0.9
2025-04-21,-0.008791094615858076,0.024041176379359742,0.010549103433615004,0.034741462599427606,1.0
2025-04-22,-0.04415210998418515,-0.006470986122269684,-0.0020808240823197988,-0.008567356054822594,0.0
2025-04-23,0.03829687765569798,0.02621397272184649,0.02030667616411951,0.046962807627675664,1.0
2025-04-24,0.05480032019794867,-0.010972531365551685,-0.017881904434279082,-0.028685799153936486,0.0
2025-04-25,0.06102550300878897,0.009374661267845308,0.029336674192993507,0.038946078946380136,1.0
2025-04-28,0.019658875513881967,-0.00012823311049456887,-0.01221617868748338,-0.012349737955305307,0.2
2025-04-29,0.007496977032980134,0.015285301284811426,-0.0030708498503058566,0.012586578657331315,0.3
2025-04-30,-0.0023659175295440817,0.0010364918700345393,0.0143655749948283,0.015388562140519502,0.9
2025-05-06,-0.005829055078100953,0.01801098218668744,0.029558258787242962,0.04806998090207306,1.0
2025-05-07,-0.015458080848222455,0.017336980931885716,-0.004967926830982383,0.012235947045782836,0.6
2025-05-08,0.0019710813983341404,0.004538495837633516,0.05814373859931212,0.06321767822198669,1.0
2025-05-09,0.018192785610150707,-0.015515570844054371,0.004130330176942321,-0.011460801283091338,0.2
2025-05-12,-0.0020259911674615273,0.028740009663711173,-0.0045567355146810765,0.024029162821120997,1.0
2025-05-13,0.08639405497193549,0.0173579323475888,-0.027685085722346826,-0.010823410152320311,0.2
2025-05-14,0.04488013728377281,0.013472033252343396,-0.002099820505924832,0.011506934396975033,0.8
2025-05-15,0.010282495672175273,0.0037839362906704976,-0.03119365609453395,-0.027597594542375082,0.0
2025-05-16,-0.00946853740015321,-0.0075723159283085486,0.02033295037709104,0.01255794051601109,0.9
2025-05-19,0.004584764897508031,-0.00859865142290409,-0.012628857402970794,-0.02115649559674867,0.2
2025-05-20,0.004235550510105624,-0.0010812568453690164,0.004418495223216889,0.003331242343271834,0.5
2025-05-21,-0.004785777208816788,-0.001474952334204982,-0.005953111421878399,-0.007465552420518229,0.2
2025-05-22,-0.02929022338266678,-0.005242709496553377,-0.002755444530482376,-0.007995357378349954,0.1
2025-05-23,0.009093327465094858,0.0014565664126091615,-0.024045479237303668,-0.022651084561568557,0.1
2025-05-26,-0.0032502443202117705,0.002047553604265251,0.011850194151719673,0.013907042652972424,0.9
2025-05-27,-0.0032502443202117705,-0.005820238701094405,-0.014383836602387245,-0.020136075294352896,0.0
2025-05-28,0.032582630900817124,0.005974319457786292,0.02642593698510063,0.03254785204177284,0.9
2025-05-29,-0.012727832434210318,0.0025373279159691675,0.015425544102520606,0.01804839239444823,0.7
2025-05-30,-0.006255430536538797,-0.008140194134491774,-0.007521168298831538,-0.01573915633223577,0.1
2025-06-03,0.016548852834327766,-0.008837498037620073,0.0014593255933092798,-0.007355978514569095,0.3
2025-06-04,0.04941184132947718,0.019840938042052537,0.03052207582839389,0.050747543133427754,1.0
2025-06-05,0.025097751756766328,0.000835271691116779,0.05925354741269682,0.05983261838052358,1.0
2025-06-06,-0.023727586046330806,-0.009922537315407532,0.040012555695546695,0.029611959983944926,1.0
2025-06-09,0.008893231725504136,0.007419487648749845,0.01018384291238451,0.01775219821611441,0.7
2025-06-10,0.00012800066740535908,-0.006175165652766379,-0.011866342892478676,-0.01802955994644386,0.0
2025-06-11,-0.0045830882722233904,0.004090056228330341,-0.007853172980714552,-0.003830305944620016,0.3
2025-06-12,0.005904757226644075,-0.0021539364898784386,0.04273123646809329,0.04045524753399232,1.0
2025-06-13,0.021987868445839644,-0.011954585904939608,0.008780962364312684,-0.0033137796542939022,0.3
2025-06-16,-0.03339683367462405,-0.001008345134030697,0.039309667401060434,0.03826166191185336,1.0
2025-06-17,0.04358201221368561,0.0006986374918492189,-0.007533461319509138,-0.00684863291856882,0.2
2025-06-18,-0.012916510177471885,-0.0022134861448095955,0.03723710221973396,0.03484198137159729,1.0
2025-06-19,0.04407437667328584,-0.007615795984336704,0.001570541471842657,-0.006058919377991179,0.3
2025-06-20,0.04407437667328584,0.001069430080335576,-0.014056209238032368,-0.013015839635120697,0.3
2025-06-23,0.00958567063257324,-0.014603044133069143,0.009292789558690673,-0.005408972560634795,0.3
2025-06-24,-0.0018243412263461046,0.009555242230985694,-0.0005775483911167778,0.008961946302947676,0.4
2025-06-25,0.04261625640779967,0.013825710812286873,-0.005382409765911256,0.008372554890035567,0.7
2025-06-26,0.04671812585872757,0.011064400328510193,0.0023078576483989144,0.01340186908583465,0.7
2025-06-27,0.04253425854239499,-0.004481277240272275,0.039141630609464226,0.034500324680987626,0.9
2025-06-30,-0.01967824651375951,0.011165921349915597,0.021907568192713688,0.03347670994045434,0.8
2025-07-01,0.004843530804778362,-0.01400953083566967,0.005962837501330587,-0.008250891805926508,0.2
2025-07-02,-0.02661469924289316,-0.013497622344007375,-0.014986534354481884,-0.028293162737463316,0.2
2025-07-03,0.023418378174468468,0.010660881968719038,0.007248233267608817,0.017980854857432272,0.9
2025-07-04,0.02458579877618199,-0.00011458479369084174,-0.026109423095722117,-0.026247564944903212,0.0
2025-07-07,0.02458579877618199,-0.01387335871122929,0.005220626654082061,-0.008758879920005203,0.4
2025-07-08,-0.03138883310080368,-0.006207656169870712,0.06321444598415446,0.05652419857867497,1.0
2025-07-09,0.005214263529143637,0.00019560573147244797,0.008247910141263637,0.00850900177827658,0.6
2025-07-10,0.0334732184940373,0.013411098338250183,0.004583402112929469,0.018439209684162294,0.5
2025-07-11,0.02370746323091464,-0.0014833270695090105,-0.00951943858439217,-0.011044103383497438,0.2
2025-07-14,0.006174515725980034,-0.002205876862187517,0.009269007069749147,0.006963751085345959,0.6
2025-07-15,0.009497540330541265,0.03216896038402657,0.054480736210086575,0.08839045952605151,1.0
2025-07-16,0.013554051527086376,0.008851165880510626,-0.016445154467444878,-0.0074277632617753666,0.2
2025-07-17,-0.0073435013754025395,-0.010288802328147172,0.059885729244051264,0.048739652971489564,1.0
2025-07-18,0.012254787097976626,0.007301316880329289,-0.022632730706919946,-0.01549204224801295,0.2
2025-07-21,-0.008569966735663936,-0.004042601461311057,-0.010075282547512698,-0.014138100906912388,0.2
2025-07-22,0.006214603890507519,-0.0012858277199123357,0.015353749422595509,0.014000033069066475,0.5
2025-07-23,-0.03347400537367222,-0.019057030354803807,0.029164797848650816,0.009456994506113292,0.5
2025-07-24,0.026388475288289394,0.013386764880203217,-0.03976527188375428,-0.02699356139289579,0.2
2025-07-25,0.0013360138519545762,-2.720576809176478e-05,-0.002225295834995311,-0.002252337435379559,0.4
2025-07-28,0.010079884965265717,0.005556701286961574,0.03316184627475314,0.03900681278833913,1.0
2025-07-29,0.01147398006880258,-0.0013106280001862326,0.06686421394886821,0.0656277273839834,0.8
2025-07-30,0.0022421101558660395,-0.0022544207342054287,0.0035981501383587603,0.001018467496181372,0.4
2025-07-31,0.01664850533857689,0.02507449845031462,-0.008404202785615858,0.016352874707435714,0.6
2025-08-01,-0.01198346558399448,-0.011684447589321918,-0.01773510024531681,-0.029159078749030183,0.1
2025-08-04,-0.03745533046663478,-0.015478756310437665,0.010027006515195638,-0.005616269135854964,0.2
2025-08-05,0.04178855799080281,0.02600926434289197,-0.0015236410921092907,0.024384958057437615,0.7
2025-08-06,-0.020994305755366805,-0.012661671861226612,0.01116488726063415,-0.0016420101668250314,0.3
2025-08-07,0.03716322148526108,0.0018062237319668656,-0.004262702783929682,-0.0024716375654714306,0.2
2025-08-08,0.0076504250137642725,-0.004169647171148082,-0.003329270215031155,-0.007350301956783323,0.2
2025-08-11,0.011694401208406601,-0.004285520472856142,0.03850965681532502,0.03396631479035982,0.9
2025-08-12,-0.012267651519623423,0.01881611595331887,0.03438122736675466,0.053066135501058945,1.0
2025-08-13,0.025650650853196233,0.021287214044701595,0.06565135411926697,0.08711316474767121,1.0
2025-08-14,-0.0073084633235638964,-0.009210257475561224,-0.02563405053060811,-0.034791125059141725,0.2
2025-08-15,-0.04368505419556873,-0.018752089408324922,0.010243998555728806,-0.00899478933482879,0.6
2025-08-18,0.0049136536443877945,-0.001521811833321751,0.06441925160483253,0.06279817658674822,1.0
2025-08-19,0.01964505200871164,0.0027464512647240925,0.040265775336606004,0.04309773002190931,0.9
2025-08-20,-0.06012171882820929,-0.027920923894374793,0.038792979409638814,0.010087937418093251,0.5
2025-08-21,-0.01158669968170375,0.007974860047418365,-0.042825842049283705,-0.03528044670424404,0.1
2025-08-22,0.015143742164228934,-0.005643522630431696,0.0439838079955295,0.03801450663891097,1.0
2025-08-25,0.03115566025793979,0.033317104633845185,0.042734977962077134,0.07717120595869369,1.0
2025-08-26,0.010625619151518006,0.01933712921838434,-0.014184807590647353,0.00464884999791213,0.5
2025-08-27,0.02151779884650005,0.01765918694588895,0.03972742412060366,0.05779859071272131,1.0
2025-08-28,-0.0014526432814589874,0.003939157991094544,0.11054314948477859,0.11412158715246727,1.0
2025-08-29,0.045405713408770663,-0.00954773195549059,0.0022672931683386578,-0.006754610895944924,0.4
2025-09-01,-0.05586283806594886,0.027413993083743482,0.06244856406039532,0.0913575710565981,1.0
2025-09-02,-0.05586283806594886,0.00023242678341898194,-0.07677412631309097,-0.07657649739029719,0.0
2025-09-03,-0.004860821973584862,-0.0013132729522330356,0.036627681243772234,0.035265861842892376,0.7
2025-09-04,-0.0030540095979960324,0.01766318674696754,-0.1371437140397223,-0.12241618515562583,0.0
2025-09-05,0.04009033592567381,0.006951831460852742,0.05603066782268029,0.06340072213141563,1.0
2025-09-08,0.02484909877806991,-0.015020798165634064,-0.0482281772452394,-0.06246692699415577,0.0
2025-09-09,0.011784488566204742,-0.009852176432411963,-0.010305676515833783,-0.020160662106933257,0.1
2025-09-10,0.004201929170522212,0.041860029895244046,-0.0005868801868764816,0.04104727159030397,1.0
2025-09-11,0.066077161980642,0.0271353943882648,0.08348507389572615,0.11292637122867077,1.0
2025-09-12,-0.015565316496219029,-0.03165665874822269,0.017615423645472285,-0.014052220453423492,0.3
2025-09-15,-0.009316749457373364,-0.012292351283905633,0.014726944372936101,0.002427004991834858,0.3
2025-09-16,0.021353763843098273,0.005281876683779374,0.004721647552123465,0.010211564562747254,0.5
2025-09-17,-0.0069684062539217325,-0.005116261400261645,0.02262572469873898,0.017406850466572123,0.7
2025-09-18,-0.00512793699521995,-0.012685568503431133,0.04159222801138877,0.028316294105412754,0.7
2025-09-19,0.0307927835940331,0.014798020557466174,-0.000729420280011972,0.014017091838053285,0.8
2025-09-22,-0.0003973908315891506,0.00019393714334320356,0.015320964997903608,0.015719665675850092,0.5
2025-09-23,0.007640288518711569,0.03515148285027951,-0.04069609908406724,-0.0069898410407120415,0.4
2025-09-24,-0.005293629326820171,-0.03519709123719953,0.009501177422932106,-0.025950066047715336,0.2
2025-09-25,-0.019324301889050554,-0.009531726249619432,0.04339603952007507,0.03351743273449229,0.7
2025-09-26,0.005083749455364517,-0.008325292632893522,-0.028665337803938384,-0.03653664034369062,0.1
2025-09-29,-0.01098139325808759,-0.011341606376676893,0.04571941404872428,0.033765054671042294,0.8
2025-09-30,0.0012943294795384364,0.003215024784914,-0.03649706800484494,-0.03344345958232614,0.1
2025-10-09,0.05800345312293731,0.004045007151954971,-0.029679560824791895,-0.026226717569097467,0.1
2025-10-10,0.0004509492571317275,-0.0026638983409079443,-0.04237876558057372,-0.04489393738337445,0.0
2025-10-13,-0.07762551278995652,-0.05927408712786551,0.04329141706325046,-0.018684335281705478,0.1
2025-10-14,0.055091690383043936,0.018363903138423333,-0.07521769694513794,-0.05831454532897505,0.0
2025-10-15,-0.03484466022889402,0.0015579475713223268,0.01735514726831484,0.018879653892569258,0.9
2025-10-16,0.024266348866153163,-0.008043883694186427,0.016430920240133772,0.008233419898540073,0.9
2025-10-17,0.005089033282316258,0.00395970061188774,-0.020449997280225396,-0.01647198732952776,0.3
2025-10-20,-0.0016890929396449427,0.04411377856143648,0.012924194705312942,0.05768143524840097,1.0
2025-10-21,0.020748208955978543,0.007056453660420981,0.0606013070194793,0.0682276412366741,1.0
2025-10-22,-0.010083982928467594,-0.018695015044016217,0.02551465927492591,0.006347385381760407,0.6
2025-10-23,-0.03197350564793929,-0.00806922618790894,-0.018620026260239,-0.02648254743437698,0.0
2025-10-24,0.038143826550409744,0.00823529095635489,0.05254133034326025,0.06139062245147324,0.9
2025-10-27,0.04567002505510467,0.031781942914592486,0.019247425250711946,0.05159620337167412,1.0
2025-10-28,0.02460299825700061,-0.020322987367341283,0.016597988773091245,-0.004233197490344021,0.3
2025-10-29,0.011927281579364324,0.021596121270331493,-0.01866439818001501,0.002381008923973671,0.5
2025-10-30,0.019817713325716312,-0.017483721800714003,-0.029687653261049617,-0.046499214222321825,0.1
2025-10-31,-0.02803191456943018,-0.007339331381608661,-0.05072973821269032,-0.05763777240909377,0.0
2025-11-03,0.0190271215582552,-0.012499999879563729,0.012326142657002149,-0.0005798708762088656,0.5
2025-11-04,-0.012128781494900787,0.003800780411750482,-0.018603575950547135,-0.014884908779659168,0.1
2025-11-05,-0.046546930882709246,-0.03211394627351549,0.023427665108599904,-0.009540647832320748,0.2
2025-11-06,0.045640217504666805,0.014284551190256045,0.035000170233867034,0.05003935925496024,1.0
2025-11-07,-0.01824844424697304,-0.01781097673348686,0.017621609381423087,-0.0005277360787129592,0.3
2025-11-10,-0.009231221783711751,0.008148976393346408,-0.006642664807936194,0.0014653901973291528,0.3
2025-11-11,0.02394384069157638,0.015902374974146725,-0.04030849776472335,-0.024990252576021166,0.2
2025-11-12,-0.035785545097368,-0.019930799024210653,0.008328183068337935,-0.011843692321179211,0.2
2025-11-13,-0.001999272885568659,-0.002717545374733976,0.0027393060676206395,1.3922603767313468e-05,0.4
2025-11-14,-0.07513580984527095,-0.02577132875494347,-0.013006515584995281,-0.03848493422920348,0.1
2025-11-17,0.0047389704999948766,0.007479992048129802,0.009326751654367471,0.017003689250911336,0.7
2025-11-18,-0.007948173326492192,-0.014299425775206076,0.026979243918887574,0.012250270731014501,0.7
2025-11-19,-0.017045151789370393,-0.000513041969231487,0.018140191272740934,0.01758776939661021,0.8
2025-11-20,0.02599501672040542,0.044894136600490284,-0.030749136653208574,0.01272091819888509,0.7
2025-11-21,-0.05348165491676462,-0.048126276325698526,-0.008753483087598513,-0.05649440938686945,0.1
2025-11-24,0.01594886859403849,0.018728315627732785,-0.010759627306210795,0.008093098814854949,0.5
2025-11-25,0.08856498419681691,0.026854449575260175,0.04209731627380858,0.06997664175166103,1.0
2025-11-26,0.00397935505106598,-0.0184797519098042,0.0713833062474721,0.05161997156875472,0.9
2025-11-27,0.048176555186567785,-0.015740783687321125,0.024724485031929477,0.008675566698299164,0.6
2025-11-28,0.048176555186567785,0.0026659015691067657,-0.0006451038776141172,0.0020358491445980455,0.3
2025-12-01,0.033569709173995085,0.004781916554301902,-0.0037019478308520813,0.0010879762952386463,0.5
2025-12-02,-0.01887331737065061,-0.009061496669399094,-0.0005264294445316509,-0.009634730319093798,0.3
2025-12-03,0.004981911666395378,0.0017776219401680836,0.00778026033687762,0.009696228214728198,0.6
2025-12-04,0.03947312497087765,-0.015778118860486013,0.032386831401551366,0.01596808378484711,0.7
2025-12-05,0.022137180811011813,0.007885148448133216,0.02731041579497979,0.035322306032212945,0.9
2025-12-08,0.0012687146735681832,0.0022012189391290016,0.08952015390669946,0.09172490240568174,1.0
2025-12-09,0.01547869513691653,-0.0004284627310164435,0.025697753118392664,0.025207707130573985,1.0
2025-12-10,0.023770915306085903,-0.004683041888855166,0.02453465574795317,0.019638860456136175,0.8
2025-12-11,0.02600638286188033,-0.008636663122703947,-0.03691327961465091,-0.045167799769093867,0.0
2025-12-12,0.002114599712355114,-0.0017801293940774786,0.022382386639247576,0.020264026796545386,0.7
2025-12-15,-0.08982577986564881,-0.02798640167144125,-0.017548847876152372,-0.045224752098510165,0.0
2025-12-16,-0.017755280367233405,-0.0027802516061007586,-0.04150056937262717,-0.04430899027374939,0.0
2025-12-17,-0.012296686720736394,0.00968028029525061,0.07121523212043408,0.08156347878690193,1.0
2025-12-18,-0.033336296111448796,-0.019451167689849745,0.005299729928628838,-0.014283890504703179,0.2
2025-12-19,0.03650040135583006,0.01591651333315445,-0.027709784352953414,-0.012202309561094794,0.3
2025-12-22,0.058918527122928666,0.025469726702651952,0.028228425600395058,0.05455091236600731,1.0
2025-12-23,0.04892862687399311,0.001196247845587295,0.002209689351111044,0.0033702534477749848,0.6
2025-12-24,0.006173561228429936,0.0016756201778927004,0.008189110377066943,0.009865006518222207,0.7
2025-12-25,-0.0002854603283723112,-0.00036265911432947773,-0.008368669719492506,-0.008804199910453826,0.2
2025-12-26,-0.0002854603283723112,-0.014743878742289473,-0.0024970720273961742,-0.017159571266439123,0.2
2025-12-29,-0.015521386707399965,-0.004269829055645958,0.019308165767083607,0.014868348777858587,0.6
2025-12-30,-0.013454734547618719,-0.010710536995606845,0.011569031361428162,0.0007494794229260249,0.6
2025-12-31,-0.0061814623525613625,-0.00166053876946749,-0.024766792160978778,-0.02640220940488358,0.1
2026-01-05,0.05043729631982903,0.011034453071417228,0.0004643227193668276,0.011513640612725373,0.7
2026-01-06,-0.024244083518577132,-0.01800819715518929,-0.007331485174780672,-0.02531572452256775,0.0
2026-01-07,0.018467443379922212,0.014119405192740974,0.017260694334009997,0.03159952795996997,1.0
2026-01-08,-0.0032909115672014044,-0.010863817637846352,-0.01050370561001226,-0.02125734137536207,0.1
2026-01-09,-0.05362978308040667,-0.019790505172007967,0.024664004378510886,0.004418992386693399,0.5
2026-01-12,0.018292016673770138,-0.011952272160516808,0.011721616461303274,-0.0002770190297918029,0.5
2026-01-13,0.006781825471862468,-0.011720537040749535,-0.04147128716128797,-0.052811692243453986,0.0
2026-01-14,0.024977645997175623,0.010677482544911122,0.0195128087242596,0.03031907480568714,0.9
2026-01-15,-0.013969531710934412,-0.013893490638110784,0.04776128544701761,0.03302916814014749,1.0
2026-01-16,0.025820524981178407,0.009652180698585932,-0.0002669866521263109,0.009351740505378393,0.5
2026-01-19,-0.005839658568033324,-0.02134333064826559,-0.0022689045344490566,-0.023742680542727358,0.3
2026-01-20,-0.005839658568033324,-0.005202804516050497,-0.044178202248003985,-0.04914329227882088,0.0
2026-01-21,0.0032561868078541,-0.0066260649853695066,0.03841382384004398,0.03141596420694441,0.9
2026-01-22,0.002140693741681521,0.005831954943547768,0.01977133186085651,0.02572912429884532,0.6
2026-01-23,-0.01662461661785821,-0.0075613842554383085,-0.033942833520458716,-0.041225646201346756,0.0
2026-01-26,-0.021234437798284954,-0.0042284014159653886,0.018317785284288977,0.013965424969182494,0.8
2026-01-27,-0.004529703722536782,-0.006860159179552317,0.04348484171282494,0.036256539858526504,1.0
2026-01-28,0.04537976574900282,0.030832127450126857,-0.010015984066093364,0.01984782948367625,0.7
2026-01-29,0.025248828218939222,-0.0052604748064881465,-0.00813134551133321,-0.013550070827001914,0.2
2026-01-30,-0.02555451759189049,-0.013901153361532293,0.07358211916846155,0.05854867016576719,1.0
2026-02-02,-0.00374646444803618,-0.0006568510600785226,-0.04039268164563729,-0.04104660900794614,0.1
2026-02-03,0.0070246830885573154,0.027895794690055608,0.019805828176748384,0.04828405380230798,0.7
2026-02-04,-0.013107413449300687,-0.01505191439553082,-0.0027147257791525605,-0.017658492386148816,0.3
2026-02-05,-0.05630391726621927,-0.01913923248114845,-0.028035833502159557,-0.04656553716945629,0.2
2026-02-06,9.886033528203609e-05,-0.01932799637516939,0.002852036623479015,-0.01653523227093372,0.3
2026-02-09,0.10531709859724873,0.04145632255700908,0.047110194671991845,0.09074345725251973,1.0
2026-02-10,0.04683194519118089,0.0036007289304748947,-0.011354684210200573,-0.00789937198988443,0.3
2026-02-11,-0.01227648370549842,-0.010319038044642959,-0.019393815695173355,-0.029524305804489392,0.1
2026-02-12,-0.006226694740740435,0.01079925717610677,0.04701986345756476,0.058670672009671555,0.8
2026-02-13,-0.03264664658103138,-0.015781696134886326,-0.028062847730621,-0.04338813201440715,0.2
2026-02-24,0.0023979600564145386,0.03152193272186739,0.023178481556962737,0.05558760545441956,1.0
2026-02-25,0.01940068045955832,0.004905486868596032,-0.01424239747283781,-0.0096403633950492,0.5
2026-02-26,0.03484373537667307,0.004751519980664964,0.01962090035918689,0.024492157529587322,0.9
2026-02-27,-0.05116795680750229,-0.035519262737995314,0.002133066877662293,-0.033614033316584024,0.3
2026-03-02,0.055851607539312356,-0.023191774351649964,0.07213281445573481,0.04691111324245041,0.9
2026-03-03,0.07093925631851287,0.018296481158825893,-0.026374362077804626,-0.008778476421841996,0.3
2026-03-04,-0.05286816593863092,-0.02392506959178813,0.018200114533589662,-0.006249638444623428,0.4
2026-03-05,0.016801543433893694,0.025635895662268916,-0.013856459343078798,0.011578273927120176,0.5
2026-03-06,0.0001903802807129984,-0.0061000536456948026,0.009653223897093388,0.0034654083564551906,0.5
2026-03-09,-0.03667216412361873,-0.041421519121677054,0.003682414568040304,-0.03781271517143282,0.1
2026-03-10,0.07142623798759444,0.0272503627470295,0.04987377577068408,0.07836472645867967,1.0
2026-03-11,0.02426128169712701,0.010994096976665335,0.010960075538117476,0.022018600836465497,0.5
2026-03-12,0.004227012118537987,-0.0018178276961905659,0.00014906874485905996,-0.0017477560062681974,0.5
2026-03-13,-0.04398310357818723,-0.02444906755416628,-0.0039281152297617975,-0.0280720980082359,0.2
2026-03-16,-0.017782586780104602,-0.005264494271000275,0.00861840674148504,0.0034390730376886005,0.6
2026-03-17,0.010125635440614334,-0.004563864527305628,-0.07253985029021912,-0.07707313446623852,0.0
2026-03-18,-0.02765357151299449,0.02502991021808121,0.028821114262895974,0.05459280077119595,1.0
2026-03-19,0.007974242021034094,-0.0168758908366201,0.02801175695352478,0.010635340743764243,0.6
2026-03-20,0.0440265719009715,0.0410143095467679,-2.043031433165421e-05,0.04087435240801044,0.7
2026-03-23,-0.05693466778310743,-0.03770058063044538,-0.008237563322439145,-0.045527914452714646,0.1
2026-03-24,0.03660388884325281,0.011936657690197394,0.00984371693719024,0.02189420211233588,0.9
2026-03-25,0.03299525319030018,0.04026366126317018,0.008368415311751165,0.048906030579522274,1.0
2026-03-26,0.02093006952188701,-0.01865945154725417,-0.0073534387245987485,-0.025887710572674527,0.1
2026-03-27,-0.08128246185967199,-0.030301816229441236,0.03397973924555044,0.002685410047023995,0.4
2026-03-30,-0.012700450245835649,-0.01654027148349474,0.01854311933501329,0.0016531644675984113,0.4
2026-03-31,-0.06578799064244485,-0.022714297652569982,-0.023249051743483795,-0.045468604305553675,0.0
2026-04-01,0.07452985900449907,0.03626654704558361,0.009100358632061179,0.04577948520041471,1.0
2026-04-02,0.02543346799589754,-0.009729316023174695,-0.005819586088154194,-0.015347059420811594,0.2
2026-04-03,0.05493659731119147,0.024836490882705963,0.01731089756499412,0.042487080966799005,1.0
2026-04-07,-0.003250064908196537,0.003075613668696087,0.00550409401563382,0.008721427625970479,0.6
2026-04-08,0.030923105142375486,0.04164813310755968,0.0336740159776752,0.07661198514668591,1.0
2026-04-09,0.07048668990741572,-0.012884986195932036,0.05298364152023753,0.039039904991452504,0.8
2026-04-10,0.005779798978053719,0.007675933759848897,0.014649855202790074,0.022293295686676616,0.7
2026-04-13,0.0705137341862464,-0.012636432657819663,0.03370182655960931,0.02052901828057181,0.7
2026-04-14,0.02710864303624766,0.0009216828316333636,0.0030442013686369897,0.003995733899915766,0.5
2026-04-15,0.012233836281252342,0.0034157622672950417,-0.01903551530579809,-0.015688888221791007,0.4
2026-04-16,0.008289140024991714,-0.005858631003996672,0.039171927502489844,0.03305929848629733,0.9
2026-04-17,0.02632896151483797,0.02499128786893314,0.05084847401223906,0.07705550951151308,1.0
2026-04-20,0.019868348768140597,0.009025642950235968,-0.01313563910315051,-0.004682850604848188,0.2
2026-04-21,0.03769617391284295,-0.01950873629564065,0.03443133432699157,0.01421505591707688,0.8
2026-04-22,0.013762924557494016,-0.006828157987875694,0.055188495465958054,0.047811246168265195,1.0
2026-04-23,0.045920507195838,0.0022978039064805444,-0.0359993965681915,-0.03389485246411036,0.2
2026-04-24,-0.024654660354993085,-0.025337924780677246,-0.014502451168010123,-0.039405256149931456,0.1
2026-04-27,0.0665602390767471,0.010859755183741826,0.005131944190860949,0.016002995129728047,0.6
2026-04-28,-0.07995152745726428,0.004166201427268268,-0.018470310865277582,-0.014570671025222238,0.3
2026-04-29,-0.04648120383991209,-0.014031718937801552,0.028231855420666842,0.013957075992839208,0.7
2026-04-30,0.012941922903499081,0.019855500345240085,-0.0031363345179027725,0.016597077918299154,0.7
2026-05-06,0.04040167545420138,0.025143626272072072,-0.005513570646599608,0.019322507206690487,0.6
2026-05-07,0.0010270756769442003,0.018879189519507157,0.037381004762864614,0.05639495599582138,1.0
2026-05-08,-0.05083205894871139,-0.025147743357790762,0.04518865415233214,0.018798853932477277,0.6
2026-05-11,0.026783901361808193,0.014202602084937432,0.0339339099198804,0.04860574708926344,1.0
2026-05-12,0.09517748595828916,0.017427840844874254,-0.0036062051590778797,0.013797413765543854,0.5
2026-05-13,-0.015268704839485192,-0.020704471274367375,0.045056841001010664,0.023564050327484133,0.7
2026-05-14,0.04856137690204217,0.02034279371090214,-0.01992471981769861,-0.0001580213816291587,0.5
2026-05-15,0.05418885872581072,0.00033362518942501305,-0.03426281416475664,-0.034086681493065686,0.1
2026-05-18,-0.06229436213089588,-0.008607540260903046,0.017171886806838954,0.008642748043110137,0.4
2026-05-19,-0.053284173534583056,-0.00981169152695519,0.01630736632064065,0.006638281017892611,0.4
2026-05-20,-0.004976690788725669,-0.006391522232840096,0.01928597330430999,0.01281695088562399,0.7
2026-05-21,0.022557253511804588,0.004757775775921058,-0.06621339927806053,-0.06183244182891238,0.0
2026-05-22,0.041009430870205824,0.014051256974048909,0.03613059922413446,0.050810521218485505,0.9
2026-05-25,0.016788694710514463,0.003672209288984307,0.048008148590679256,0.05180372437682419,1.0
2026-05-26,0.016788694710514463,-0.005150769756856577,-0.012108891341503548,-0.01711979913788113,0.3
2026-05-27,-0.004900708343565952,-0.01147098243353466,0.009483709641727744,-0.002015571664366145,0.5
2026-05-28,-0.007824120710779914,-0.008478489916370003,0.06562972672849979,0.056467744187215806,1.0
2026-05-29,-0.008282169830634978,0.006336500533175726,-0.0250442898752391,-0.01892225250850842,0.3
2026-06-01,-0.008199593137422134,-0.0045257699842183976,-0.051696087752760335,-0.05580895467905446,0.1
2026-06-02,0.05069179639036984,0.011428437110867417,0.06395257763577122,0.07614742090595508,1.0
2026-06-03,0.0930323278091353,0.03715830607265909,0.028116105619313415,0.06589798541977983,1.0
2026-06-04,-0.012629013941020872,-0.02665344693827969,0.01320202595104637,-0.013886065997717089,0.4
2026-06-05,0.0019810772605805215,0.002587626529157261,-0.03243586581468817,-0.03003959604672447,0.2
2026-06-08,-0.11129932081367873,-0.059284839574742385,0.011719781821177378,-0.04806298755211299,0.1
2026-06-09,0.048315548016751905,0.0201638070540499,0.04288042017879905,0.06388615683048463,1.0
